{
    "name": "root",
    "gauges": {
        "ShootTarget.Policy.Entropy.mean": {
            "value": 0.8888059258460999,
            "min": 0.6847786903381348,
            "max": 4.107786655426025,
            "count": 500
        },
        "ShootTarget.Policy.Entropy.sum": {
            "value": 886.1395263671875,
            "min": 679.9852294921875,
            "max": 4181.5791015625,
            "count": 500
        },
        "ShootTarget.Step.mean": {
            "value": 499996.0,
            "min": 943.0,
            "max": 499996.0,
            "count": 500
        },
        "ShootTarget.Step.sum": {
            "value": 499996.0,
            "min": 943.0,
            "max": 499996.0,
            "count": 500
        },
        "ShootTarget.Policy.ExtrinsicValueEstimate.mean": {
            "value": 0.9644436836242676,
            "min": -0.5450796484947205,
            "max": 1.153180718421936,
            "count": 500
        },
        "ShootTarget.Policy.ExtrinsicValueEstimate.sum": {
            "value": 116.69768524169922,
            "min": -9.266353607177734,
            "max": 132.68069458007812,
            "count": 500
        },
        "ShootTarget.Losses.PolicyLoss.mean": {
            "value": 0.21655917631991378,
            "min": 0.20658161155685473,
            "max": 0.2716783451922598,
            "count": 500
        },
        "ShootTarget.Losses.PolicyLoss.sum": {
            "value": 2.1655917631991377,
            "min": 1.574141020356747,
            "max": 2.614639924583069,
            "count": 500
        },
        "ShootTarget.Losses.ValueLoss.mean": {
            "value": 0.00021590448246901033,
            "min": 7.346306326421088e-05,
            "max": 0.1991402938772841,
            "count": 500
        },
        "ShootTarget.Losses.ValueLoss.sum": {
            "value": 0.0021590448246901033,
            "min": 0.000661167569377898,
            "max": 1.3939820571409887,
            "count": 500
        },
        "ShootTarget.Policy.LearningRate.mean": {
            "value": 0.0003,
            "min": 0.0003,
            "max": 0.0003,
            "count": 500
        },
        "ShootTarget.Policy.LearningRate.sum": {
            "value": 0.0029999999999999996,
            "min": 0.0021,
            "max": 0.0029999999999999996,
            "count": 500
        },
        "ShootTarget.Policy.Epsilon.mean": {
            "value": 0.2000000000000001,
            "min": 0.19999999999999998,
            "max": 0.2000000000000001,
            "count": 500
        },
        "ShootTarget.Policy.Epsilon.sum": {
            "value": 2.000000000000001,
            "min": 1.4,
            "max": 2.000000000000001,
            "count": 500
        },
        "ShootTarget.Policy.Beta.mean": {
            "value": 1.0473633999999999e-05,
            "min": 1.0473633999999999e-05,
            "max": 0.00049950916,
            "count": 500
        },
        "ShootTarget.Policy.Beta.sum": {
            "value": 0.00010473633999999999,
            "min": 0.00010315258000000009,
            "max": 0.00448687682,
            "count": 500
        },
        "ShootTarget.Environment.EpisodeLength.mean": {
            "value": 7.239669421487603,
            "min": 6.321167883211679,
            "max": 299.0,
            "count": 500
        },
        "ShootTarget.Environment.EpisodeLength.sum": {
            "value": 876.0,
            "min": 648.0,
            "max": 1235.0,
            "count": 500
        },
        "ShootTarget.Environment.CumulativeReward.mean": {
            "value": 1.0,
            "min": -1.0,
            "max": 1.0,
            "count": 500
        },
        "ShootTarget.Environment.CumulativeReward.sum": {
            "value": 121.0,
            "min": -4.0,
            "max": 137.0,
            "count": 500
        },
        "ShootTarget.Policy.ExtrinsicReward.mean": {
            "value": 1.0,
            "min": -1.0,
            "max": 1.0,
            "count": 500
        },
        "ShootTarget.Policy.ExtrinsicReward.sum": {
            "value": 121.0,
            "min": -4.0,
            "max": 137.0,
            "count": 500
        },
        "ShootTarget.IsTraining.mean": {
            "value": 1.0,
            "min": 1.0,
            "max": 1.0,
            "count": 500
        },
        "ShootTarget.IsTraining.sum": {
            "value": 1.0,
            "min": 1.0,
            "max": 1.0,
            "count": 500
        }
    },
    "metadata": {
        "timer_format_version": "0.1.0",
        "start_time_seconds": "1654189977",
        "python_version": "3.9.7 (tags/v3.9.7:1016ef3, Aug 30 2021, 20:19:38) [MSC v.1929 64 bit (AMD64)]",
        "command_line_arguments": "C:\\Users\\Simon\\AppData\\Local\\Programs\\Python\\Python39\\Scripts\\mlagents-learn ShootTarget.yaml --run-id=Agent007 --force",
        "mlagents_version": "0.28.0",
        "mlagents_envs_version": "0.28.0",
        "communication_protocol_version": "1.5.0",
        "pytorch_version": "1.7.1+cu110",
        "numpy_version": "1.22.3",
        "end_time_seconds": "1654201166"
    },
    "total": 11189.027174300001,
    "count": 1,
    "self": 0.01167400000122143,
    "children": {
        "run_training.setup": {
            "total": 0.13405900000000015,
            "count": 1,
            "self": 0.13405900000000015
        },
        "TrainerController.start_learning": {
            "total": 11188.8814413,
            "count": 1,
            "self": 14.852957800178046,
            "children": {
                "TrainerController._reset_env": {
                    "total": 6.934714900000001,
                    "count": 1,
                    "self": 6.934714900000001
                },
                "TrainerController.advance": {
                    "total": 11166.975260299821,
                    "count": 535134,
                    "self": 14.993768099095178,
                    "children": {
                        "env_step": {
                            "total": 7624.60732000023,
                            "count": 535134,
                            "self": 4166.155586899773,
                            "children": {
                                "SubprocessEnvManager._take_step": {
                                    "total": 3449.3768765003992,
                                    "count": 535134,
                                    "self": 41.67764009991333,
                                    "children": {
                                        "TorchPolicy.evaluate": {
                                            "total": 3407.699236400486,
                                            "count": 500005,
                                            "self": 773.0317458002955,
                                            "children": {
                                                "TorchPolicy.sample_actions": {
                                                    "total": 2634.6674906001904,
                                                    "count": 500005,
                                                    "self": 2634.6674906001904
                                                }
                                            }
                                        }
                                    }
                                },
                                "workers": {
                                    "total": 9.074856600057863,
                                    "count": 535134,
                                    "self": 0.0,
                                    "children": {
                                        "worker_root": {
                                            "total": 11160.694199200547,
                                            "count": 535134,
                                            "is_parallel": true,
                                            "self": 7673.235851100936,